Seat,Status
1A,Free
2A,Free
3A,Free
4A,Free
5A,Free
6A,Free
7A,Free
8A,Free
9A,Free
10A,Free
11A,Free
12A,Free
13A,Free
14A,Free
15A,Free
16A,Free
17A,Free
18A,Free
19A,Free
20A,Free
21A,Free
22A,Free
23A,Free
24A,Free
25A,Free
26A,Free
27A,Free
28A,Free
29A,Free
30A,Free
31A,Free
32A,Free
33A,Free
34A,Free
35A,Free
36A,Free
37A,Free
38A,Free
39A,Free
40A,Free
41A,Free
42A,Free
43A,Free
44A,Free
45A,Free
46A,Free
47A,Free
48A,Free
49A,Free
50A,Free
51A,Free
52A,Free
53A,Free
54A,Free
55A,Free
56A,Free
57A,Free
58A,Free
59A,Free
60A,Free
61A,Free
62A,Free
63A,Free
64A,Free
65A,Free
66A,Free
67A,Free
68A,Free
69A,Free
70A,Free
71A,Free
72A,Free
73A,Free
74A,Free
75A,Free
76A,Free
77A,Free
78A,Free
79A,Free
80A,Reserved
1B,Free
2B,Free
3B,Free
4B,Free
5B,Free
6B,Free
7B,Free
8B,Free
9B,Free
10B,Free
11B,Free
12B,Free
13B,Free
14B,Free
15B,Free
16B,Free
17B,Free
18B,Free
19B,Free
20B,Free
21B,Free
22B,Free
23B,Free
24B,Free
25B,Free
26B,Free
27B,Free
28B,Free
29B,Free
30B,Free
31B,Free
32B,Free
33B,Free
34B,Free
35B,Free
36B,Free
37B,Free
38B,Free
39B,Free
40B,Free
41B,Free
42B,Free
43B,Free
44B,Free
45B,Free
46B,Free
47B,Free
48B,Free
49B,Free
50B,Free
51B,Free
52B,Free
53B,Free
54B,Free
55B,Free
56B,Free
57B,Free
58B,Free
59B,Free
60B,Free
61B,Free
62B,Free
63B,Free
64B,Free
65B,Free
66B,Free
67B,Free
68B,Free
69B,Free
70B,Free
71B,Free
72B,Free
73B,Free
74B,Free
75B,Free
76B,Free
77B,Free
78B,Free
79B,Free
80B,Free
1C,Free
2C,Free
3C,Free
4C,Free
5C,Free
6C,Free
7C,Free
8C,Free
9C,Free
10C,Free
11C,Free
12C,Free
13C,Free
14C,Free
15C,Free
16C,Free
17C,Free
18C,Free
19C,Free
20C,Free
21C,Free
22C,Free
23C,Free
24C,Free
25C,Free
26C,Free
27C,Free
28C,Free
29C,Free
30C,Free
31C,Free
32C,Free
33C,Free
34C,Free
35C,Free
36C,Free
37C,Free
38C,Free
39C,Free
40C,Free
41C,Free
42C,Free
43C,Free
44C,Free
45C,Free
46C,Free
47C,Free
48C,Free
49C,Free
50C,Free
51C,Free
52C,Free
53C,Free
54C,Free
55C,Free
56C,Free
57C,Free
58C,Free
59C,Free
60C,Free
61C,Free
62C,Free
63C,Free
64C,Free
65C,Free
66C,Free
67C,Free
68C,Free
69C,Free
70C,Free
71C,Free
72C,Free
73C,Free
74C,Free
75C,Free
76C,Free
77C,Free
78C,Free
79C,Free
80C,Free
1D,Free
2D,Free
3D,Free
4D,Free
5D,Free
6D,Free
7D,Free
8D,Free
9D,Free
10D,Free
11D,Free
12D,Free
13D,Free
14D,Free
15D,Free
16D,Free
17D,Free
18D,Free
19D,Free
20D,Free
21D,Free
22D,Free
23D,Free
24D,Free
25D,Free
26D,Free
27D,Free
28D,Free
29D,Free
30D,Free
31D,Free
32D,Free
33D,Free
34D,Free
35D,Free
36D,Free
37D,Free
38D,Free
39D,Free
40D,Free
41D,Free
42D,Free
43D,Free
44D,Free
45D,Free
46D,Free
47D,Free
48D,Free
49D,Free
50D,Free
51D,Free
52D,Free
53D,Free
54D,Free
55D,Free
56D,Free
57D,Free
58D,Free
59D,Free
60D,Free
61D,Free
62D,Free
63D,Free
64D,Free
65D,Free
66D,Free
67D,Free
68D,Free
69D,Free
70D,Free
71D,Free
72D,Free
73D,Free
74D,Free
75D,Free
76D,Free
S,
S,
79D,Free
80D,Free
1E,Free
2E,Free
3E,Free
4E,Free
5E,Free
6E,Free
7E,Free
8E,Free
9E,Free
10E,Free
11E,Free
12E,Free
13E,Free
14E,Free
15E,Free
16E,Free
17E,Free
18E,Free
19E,Free
20E,Free
21E,Free
22E,Free
23E,Free
24E,Free
25E,Free
26E,Free
27E,Free
28E,Free
29E,Free
30E,Free
31E,Free
32E,Free
33E,Free
34E,Free
35E,Free
36E,Free
37E,Free
38E,Free
39E,Free
40E,Free
41E,Free
42E,Free
43E,Free
44E,Free
45E,Free
46E,Free
47E,Free
48E,Free
49E,Free
50E,Free
51E,Free
52E,Free
53E,Free
54E,Free
55E,Free
56E,Free
57E,Free
58E,Free
59E,Free
60E,Free
61E,Free
62E,Free
63E,Free
64E,Free
65E,Free
66E,Free
67E,Free
68E,Free
69E,Free
70E,Free
71E,Free
72E,Free
73E,Free
74E,Free
75E,Free
76E,Free
S,
S,
79E,Free
80E,Free
1F,Free
2F,Free
3F,Free
4F,Free
5F,Free
6F,Free
7F,Free
8F,Free
9F,Free
10F,Free
11F,Free
12F,Free
13F,Free
14F,Free
15F,Free
16F,Free
17F,Free
18F,Free
19F,Free
20F,Free
21F,Free
22F,Free
23F,Free
24F,Free
25F,Free
26F,Free
27F,Free
28F,Free
29F,Free
30F,Free
31F,Free
32F,Free
33F,Free
34F,Free
35F,Free
36F,Free
37F,Free
38F,Free
39F,Free
40F,Free
41F,Free
42F,Free
43F,Free
44F,Free
45F,Free
46F,Free
47F,Free
48F,Free
49F,Free
50F,Free
51F,Free
52F,Free
53F,Free
54F,Free
55F,Free
56F,Free
57F,Free
58F,Free
59F,Free
60F,Free
61F,Free
62F,Free
63F,Free
64F,Free
65F,Free
66F,Free
67F,Free
68F,Free
69F,Free
70F,Free
71F,Free
72F,Free
73F,Free
74F,Free
75F,Free
76F,Free
S,
S,
79F,Free
80F,Free
X,
X,
X,
X,
X,
X,
X,
X,
X,
X,
X,
X,
X,
X,
X,
X,
X,
X,
X,
X,
X,
X,
X,
X,
X,
X,
X,
X,
X,
X,
X,
X,
X,
X,
X,
X,
X,
X,
X,
X,
X,
X,
X,
X,
X,
X,
X,
X,
X,
X,
X,
X,
X,
X,
X,
X,
X,
X,
X,
X,
X,
X,
X,
X,
X,
X,
X,
X,
X,
X,
X,
X,
X,
X,
X,
X,
X,
X,
X,
X,
